date,value
2019-05-19 06:46:07 +0100,1
2019-06-13 07:03:22 +0100,1
2019-06-16 06:39:01 +0100,1
2019-06-19 06:09:05 +0100,1
2019-06-22 06:26:55 +0100,1
2019-06-25 06:11:17 +0100,1
2019-07-01 06:48:57 +0100,1
2019-07-04 07:07:36 +0100,1
2019-07-07 06:57:19 +0100,1
2019-07-10 06:59:56 +0100,1
2019-07-13 07:03:15 +0100,1
2019-07-16 06:54:44 +0100,1
2019-07-19 07:03:46 +0100,1
2019-07-22 07:26:34 +0100,1
2019-07-25 07:25:18 +0100,1
2019-07-28 08:06:14 +0100,1
2019-07-31 06:33:09 +0100,1
2019-08-01 07:04:31 +0100,1
2019-08-02 06:25:51 +0100,1
2019-08-03 06:23:45 +0100,1
2019-08-04 07:18:53 +0100,1
2019-08-05 06:13:25 +0100,1
2019-08-06 06:32:26 +0100,1
2019-08-07 06:38:59 +0100,1
2019-08-08 07:16:43 +0100,1
2019-08-09 06:20:39 +0100,1
2019-08-10 06:22:40 +0100,1
2019-08-11 07:18:29 +0100,1
2019-08-12 06:37:47 +0100,1
2019-08-13 08:02:12 +0100,1
2019-08-14 07:07:20 +0100,1
2019-08-15 06:48:04 +0100,1
2019-08-16 07:13:46 +0100,1
2019-08-17 06:01:35 +0100,1
2019-08-18 06:19:27 +0100,1
2019-08-19 07:12:43 +0100,1
2019-08-20 06:47:37 +0100,1
2019-08-21 06:59:05 +0100,1
2019-08-22 06:43:16 +0100,1
2019-08-23 06:29:29 +0100,1
2019-08-24 07:02:29 +0100,1
2019-08-25 07:23:01 +0100,1
2019-08-26 06:38:40 +0100,1
2019-08-27 06:06:19 +0100,1
2019-08-28 06:24:25 +0100,1
2019-08-29 06:18:33 +0100,1
2019-08-30 06:57:00 +0100,1
2019-08-31 07:21:42 +0100,1
2019-09-01 06:49:29 +0100,1
2019-09-02 07:51:11 +0100,1
2019-09-03 07:29:39 +0100,1
2019-09-04 06:17:51 +0100,1
2019-09-05 06:54:14 +0100,1
2019-09-06 07:45:40 +0100,1
2019-09-07 07:11:51 +0100,1
2019-09-08 07:03:55 +0100,1
2019-09-09 07:14:57 +0100,1
2019-09-10 06:46:30 +0100,1
2019-09-11 08:54:56 +0100,1
2019-09-12 05:58:56 +0100,1
2019-09-13 07:46:46 +0100,1
2019-09-14 07:31:29 +0100,1
2019-09-15 06:56:58 +0100,1
2019-09-16 07:12:25 +0100,1
2019-09-17 07:28:47 +0100,1
2019-09-18 07:41:15 +0100,1
2019-09-19 06:31:50 +0100,1
2019-09-20 06:53:53 +0100,1
2019-09-21 07:05:33 +0100,1
2019-09-23 07:35:39 +0100,1
2019-09-24 06:05:26 +0100,1
2019-09-25 06:48:18 +0100,1
2019-09-26 05:58:13 +0100,1
2019-09-27 05:59:54 +0100,1
2019-09-28 05:34:54 +0100,1
2019-09-29 06:13:51 +0100,1
2019-09-30 06:26:08 +0100,1
2019-10-01 06:16:35 +0100,1
2019-10-02 06:22:22 +0100,1
2019-10-03 07:08:19 +0100,1
2019-10-04 06:46:12 +0100,1
2019-10-05 08:16:40 +0100,1
2019-10-06 06:29:24 +0100,1
2019-10-07 06:08:49 +0100,1
2019-10-08 06:12:38 +0100,1
2019-10-09 06:58:01 +0100,1
2019-10-10 07:37:00 +0100,1
2019-10-11 06:54:54 +0100,1
2019-10-12 07:38:37 +0100,1
2019-10-13 06:31:56 +0100,1
2019-10-14 08:17:59 +0100,1
2019-10-15 06:32:44 +0100,1
2019-10-16 06:27:08 +0100,1
2019-10-17 06:16:04 +0100,1
2019-10-18 06:25:35 +0100,1
2019-10-19 06:21:29 +0100,1
2019-10-20 05:47:08 +0100,1
2019-10-21 06:14:33 +0100,1
2019-10-22 16:53:31 +0100,1
2019-10-23 17:21:53 +0100,1
2019-10-24 17:26:35 +0100,1
2019-10-25 18:12:02 +0100,1
2019-10-26 21:57:51 +0100,1
2019-10-28 01:00:38 +0000,1
2019-10-28 17:42:43 +0000,1
2019-10-29 18:04:47 +0000,1
2019-10-30 18:25:04 +0000,1
2019-10-31 18:06:55 +0000,1
2019-11-01 17:41:08 +0000,1
2019-11-02 22:04:42 +0000,1
2019-11-03 23:19:10 +0000,1
2019-11-04 16:01:46 +0000,1
2019-11-05 17:19:25 +0000,1
2019-11-06 16:23:23 +0000,1
2019-11-07 16:46:51 +0000,1
2019-11-08 17:07:31 +0000,1
2019-11-09 21:02:42 +0000,1
2019-11-10 22:54:59 +0000,1
2019-11-11 16:27:32 +0000,1
2019-11-12 17:35:10 +0000,1
2019-11-13 16:56:25 +0000,1
2019-11-14 16:58:07 +0000,1
2019-11-15 17:53:39 +0000,1
2019-11-16 21:29:05 +0000,1
2019-11-17 21:36:16 +0000,1
2019-11-18 16:07:32 +0000,1
2019-11-19 17:14:40 +0000,1
2019-11-20 17:22:49 +0000,1
2019-11-21 18:02:58 +0000,1
2019-11-22 17:52:19 +0000,1
2019-11-23 23:26:43 +0000,1
2019-11-24 21:53:13 +0000,1
2019-11-25 16:33:18 +0000,1
2019-11-26 16:14:28 +0000,1
2019-11-27 16:52:45 +0000,1
2019-11-28 16:13:07 +0000,1
2019-11-29 17:40:38 +0000,1
2019-11-30 21:39:40 +0000,1
2019-12-01 21:56:16 +0000,1
2019-12-02 17:24:15 +0000,1
2019-12-03 17:16:21 +0000,1
2019-12-04 17:03:16 +0000,1
2019-12-05 16:34:28 +0000,1
2019-12-06 16:36:23 +0000,1
2019-12-07 18:40:57 +0000,1
2019-12-08 17:53:08 +0000,1
2019-12-09 16:29:52 +0000,1
2019-12-10 17:18:16 +0000,1
2019-12-11 16:57:32 +0000,1
2019-12-12 16:31:11 +0000,1
2019-12-13 16:50:16 +0000,1
2019-12-14 18:36:31 +0000,1
2019-12-15 17:55:28 +0000,1
2019-12-16 16:51:46 +0000,1
2019-12-17 16:45:52 +0000,1
2019-12-18 16:56:55 +0000,1
2019-12-19 16:57:09 +0000,1
2019-12-20 17:14:51 +0000,1
2019-12-21 16:44:47 +0000,1
2019-12-22 16:50:14 +0000,1
2019-12-23 16:54:49 +0000,1
2019-12-24 16:52:09 +0000,1
2019-12-25 16:41:58 +0000,1
2019-12-26 17:07:04 +0000,1
2019-12-27 16:43:40 +0000,1
2019-12-28 16:47:43 +0000,1
2019-12-29 17:19:36 +0000,1
2019-12-30 16:40:30 +0000,1
2019-12-31 16:10:30 +0000,1
2020-01-01 17:07:57 +0000,1
2020-01-02 16:33:23 +0000,1
2020-01-03 16:02:19 +0000,1
2020-01-04 17:04:28 +0000,1
2020-01-05 17:28:22 +0000,1
2020-01-06 16:08:05 +0000,1
2020-01-07 16:03:08 +0000,1
2020-01-08 16:26:56 +0000,1
2020-01-09 15:33:40 +0000,1
2020-01-10 15:56:36 +0000,1
2020-01-11 18:48:48 +0000,1
2020-01-12 18:40:57 +0000,1
2020-01-13 16:12:39 +0000,1
2020-01-14 16:23:56 +0000,1
2020-01-15 16:22:56 +0000,1
2020-01-16 15:56:23 +0000,1
2020-01-17 16:19:59 +0000,1
2020-01-18 19:55:28 +0000,1
2020-01-19 20:34:44 +0000,1
2020-01-20 16:10:09 +0000,1
2020-01-21 16:39:29 +0000,1
2020-01-22 16:31:27 +0000,1
2020-01-23 17:31:25 +0000,1
2020-01-24 18:16:51 +0000,1
2020-01-25 23:54:01 +0000,1
2020-01-27 00:18:09 +0000,1
2020-01-27 18:35:57 +0000,1
2020-01-28 18:37:59 +0000,1
2020-01-29 16:16:10 +0000,1
2020-01-30 16:15:20 +0000,1
2020-01-31 16:13:51 +0000,1
2020-02-01 16:28:47 +0000,1
2020-02-02 16:06:23 +0000,1
2020-02-03 16:34:02 +0000,1
2020-02-04 16:37:06 +0000,1
2020-02-05 16:50:08 +0000,1
2020-02-06 16:36:49 +0000,1
2020-02-07 16:21:45 +0000,1
2020-02-08 16:02:08 +0000,1
2020-02-09 15:47:00 +0000,1
2020-02-10 16:12:12 +0000,1
2020-02-11 16:22:12 +0000,1
2020-02-12 16:14:22 +0000,1
2020-02-13 15:59:43 +0000,1
2020-02-14 16:09:51 +0000,1
2020-02-15 15:58:54 +0000,1
2020-02-16 17:22:44 +0000,1
2020-02-17 17:05:32 +0000,1
2020-02-18 15:57:00 +0000,1
2020-02-19 16:01:21 +0000,1
2020-02-20 15:57:22 +0000,1
2020-02-21 16:10:00 +0000,1
2020-02-22 16:16:29 +0000,1
2020-02-23 15:52:21 +0000,1
2020-02-24 15:58:15 +0000,1
2020-02-25 16:01:36 +0000,1
2020-02-26 15:47:55 +0000,1
2020-02-27 15:50:19 +0000,1
2020-02-28 15:35:48 +0000,1
2020-02-29 15:31:36 +0000,1
2020-03-01 16:01:53 +0000,1
2020-03-02 16:39:40 +0000,1
2020-03-03 15:48:54 +0000,1
2020-03-04 15:51:47 +0000,1
2020-03-05 15:50:35 +0000,1
2020-03-06 15:43:09 +0000,1
2020-03-07 15:42:04 +0000,1
2020-03-08 15:51:31 +0000,1
2020-03-09 15:23:30 +0000,1
2020-03-10 15:30:12 +0000,1
2020-03-11 15:43:48 +0000,1
2020-03-12 16:26:20 +0000,1
2020-03-13 15:48:20 +0000,1
2020-03-14 15:36:27 +0000,1
2020-03-15 15:41:14 +0000,1
2020-03-16 15:33:36 +0000,1
2020-03-17 15:53:41 +0000,1
2020-03-18 15:44:15 +0000,1
2020-03-19 15:45:30 +0000,1
2020-03-20 15:55:23 +0000,1
2020-03-21 16:00:48 +0000,1
2020-03-22 16:02:38 +0000,1
2020-03-23 15:39:54 +0000,1
2020-03-24 15:34:28 +0000,1
2020-03-25 16:46:55 +0000,1
2020-03-26 16:29:46 +0000,1
2020-03-27 17:51:57 +0000,1
2020-03-28 15:45:56 +0000,1
2020-03-29 15:49:29 +0100,1
2020-03-30 15:26:17 +0100,1
2020-03-31 15:16:08 +0100,1
2020-04-01 15:01:28 +0100,1
2020-04-02 14:53:38 +0100,1
2020-04-03 15:03:48 +0100,1
2020-04-04 14:56:18 +0100,1
2020-04-05 14:54:14 +0100,1
2020-04-06 14:55:48 +0100,1
2020-04-07 14:56:56 +0100,1
2020-04-08 15:02:31 +0100,1
2020-04-09 14:53:16 +0100,1
2020-04-10 14:52:04 +0100,1
2020-04-11 14:48:24 +0100,1
2020-04-12 14:47:34 +0100,1
2020-04-13 14:50:41 +0100,1
2020-04-14 14:46:21 +0100,1
2020-04-15 14:56:15 +0100,1
2020-04-16 15:00:16 +0100,1
2020-04-17 15:21:56 +0100,1
2020-04-18 14:46:18 +0100,1
2020-04-19 14:43:03 +0100,1
2020-04-20 14:44:43 +0100,1
2020-04-21 14:47:49 +0100,1
2020-04-22 14:52:17 +0100,1
2020-04-23 14:52:00 +0100,1
2020-04-24 14:52:20 +0100,1
2020-04-25 14:50:30 +0100,1
2020-04-26 14:46:13 +0100,1
2020-04-27 14:47:18 +0100,1
2020-04-28 14:54:20 +0100,1
2020-04-29 14:52:36 +0100,1
2020-04-30 15:02:37 +0100,1
2020-05-01 14:52:08 +0100,1
2020-05-02 14:47:17 +0100,1
2020-05-03 14:58:38 +0100,1
2020-05-04 14:56:42 +0100,1
2020-05-05 15:20:52 +0100,1
2020-05-06 15:00:36 +0100,1
2020-05-07 14:55:14 +0100,1
2020-05-08 14:58:51 +0100,1
2020-05-09 14:53:31 +0100,1
2020-05-10 14:57:50 +0100,1
2020-05-11 14:58:37 +0100,1
2020-05-12 14:59:51 +0100,1
2020-05-13 15:05:42 +0100,1
2020-05-14 15:08:14 +0100,1
2020-05-15 15:05:09 +0100,1
2020-05-16 15:01:11 +0100,1
2020-05-17 14:52:59 +0100,1
2020-05-18 14:59:10 +0100,1
2020-05-19 15:25:51 +0100,1
2020-05-20 14:56:45 +0100,1
2020-05-21 14:57:19 +0100,1
2020-05-22 14:54:52 +0100,1
2020-05-23 14:53:52 +0100,1
2020-05-24 14:51:52 +0100,1
2020-05-25 14:55:26 +0100,1
2020-05-26 14:58:58 +0100,1
2020-05-27 14:59:15 +0100,1
2020-05-28 15:39:35 +0100,1
2020-05-29 14:54:04 +0100,1
2020-05-30 14:53:12 +0100,1
2020-05-31 14:54:20 +0100,1
2020-06-01 14:58:22 +0100,1
2020-06-02 15:07:51 +0100,1
2020-06-03 14:51:31 +0100,1
2020-06-04 15:01:11 +0100,1
2020-06-05 14:53:17 +0100,1
2020-06-06 15:15:26 +0100,1
2020-06-07 15:20:09 +0100,1
2020-06-08 15:34:08 +0100,1
2020-06-09 15:19:06 +0100,1
2020-06-10 15:20:14 +0100,1
2020-06-11 15:23:33 +0100,1
2020-06-12 15:23:47 +0100,1
2020-06-13 15:29:11 +0100,1
2020-06-14 15:22:48 +0100,1
2020-06-15 15:23:45 +0100,1
2020-06-16 15:22:30 +0100,1
2020-06-17 15:31:42 +0100,1
2020-06-18 15:16:50 +0100,1
2020-06-19 15:20:33 +0100,1
2020-06-20 15:25:09 +0100,1
2020-06-21 15:27:46 +0100,1
2020-06-22 15:22:15 +0100,1
2020-06-23 15:21:49 +0100,1
2020-06-24 15:28:24 +0100,1
2020-06-25 15:25:21 +0100,1
2020-06-26 15:13:35 +0100,1
2020-06-27 15:24:59 +0100,1
2020-06-28 15:10:58 +0100,1
2020-06-29 15:11:08 +0100,1
2020-06-30 15:21:27 +0100,1
2020-07-01 15:18:58 +0100,1
2020-07-02 15:18:19 +0100,1
2020-07-03 15:08:38 +0100,1
2020-07-04 15:10:00 +0100,1
2020-07-05 15:07:03 +0100,1
2020-07-06 15:09:49 +0100,1
2020-07-07 15:16:50 +0100,1
2020-07-08 15:12:56 +0100,1
2020-07-13 19:36:57 +0100,1
2020-07-14 19:25:53 +0100,1
2020-07-15 19:14:39 +0100,1
2020-07-16 19:16:24 +0100,1
2020-07-17 19:36:04 +0100,1
2020-07-18 19:19:22 +0100,1
2020-07-19 19:18:47 +0100,1
2020-07-20 19:22:52 +0100,1
2020-07-21 19:22:41 +0100,1
2020-07-22 19:24:15 +0100,1
2020-07-23 19:27:51 +0100,1
2020-07-24 19:25:43 +0100,1
2020-07-25 19:21:55 +0100,1
2020-07-26 19:18:27 +0100,1
2020-07-27 19:35:13 +0100,1
2020-07-28 20:35:34 +0100,1
2020-07-29 19:25:42 +0100,1
2020-07-30 19:28:48 +0100,1
2020-07-31 19:25:30 +0100,1
2020-08-02 19:30:26 +0100,1
2020-08-03 19:31:35 +0100,1
2020-08-04 19:26:21 +0100,1
2020-08-05 19:24:13 +0100,1
2020-08-06 19:24:27 +0100,1
2020-08-07 19:26:28 +0100,1
2020-08-08 19:23:40 +0100,1
2020-08-09 19:22:58 +0100,1
2020-08-10 19:22:43 +0100,1
2020-08-11 19:26:14 +0100,1
2020-08-12 19:31:23 +0100,1
2020-08-13 19:29:57 +0100,1
2020-08-14 19:47:20 +0100,1
2020-08-15 19:35:11 +0100,1
2020-08-16 19:23:27 +0100,1
2020-08-17 19:50:53 +0100,1
2020-08-18 19:21:06 +0100,1
2020-08-19 19:22:36 +0100,1
2020-08-20 19:25:06 +0100,1
2020-08-21 19:37:32 +0100,1
2020-08-22 19:23:49 +0100,1
2020-08-23 19:27:35 +0100,1
2020-08-24 19:31:22 +0100,1
2020-08-25 20:08:02 +0100,1
2020-08-26 19:23:13 +0100,1
2020-08-27 19:30:38 +0100,1
2020-08-28 19:36:11 +0100,1
2020-08-29 19:28:05 +0100,1
2020-08-30 19:30:30 +0100,1
2020-08-31 19:26:19 +0100,1
2020-09-01 19:30:23 +0100,1
2020-09-02 19:29:13 +0100,1
2020-09-03 19:23:52 +0100,1
2020-09-04 19:25:11 +0100,1
2020-09-05 19:22:10 +0100,1
2020-09-06 19:17:13 +0100,1
2020-09-07 19:20:48 +0100,1
2020-09-08 19:15:16 +0100,1
2020-09-09 19:18:45 +0100,1
2020-09-10 19:21:06 +0100,1
2020-09-11 19:13:48 +0100,1
2020-09-12 19:16:21 +0100,1
2020-09-13 19:16:55 +0100,1
2020-09-14 19:12:48 +0100,1
2020-09-15 19:10:38 +0100,1
2020-09-16 19:14:39 +0100,1
2020-09-17 19:26:59 +0100,1
2020-09-18 19:10:16 +0100,1
2020-09-19 19:24:05 +0100,1
2020-09-20 20:06:13 +0100,1
2020-09-21 19:12:35 +0100,1
2020-09-22 19:14:25 +0100,1
2020-09-23 19:17:37 +0100,1
2020-09-24 19:17:06 +0100,1
2020-09-25 19:12:57 +0100,1
2020-09-26 19:16:01 +0100,1
2020-09-27 19:14:10 +0100,1
2020-09-28 19:14:46 +0100,1
2020-09-29 19:16:19 +0100,1
2020-09-30 19:14:19 +0100,1
2020-10-01 19:20:57 +0100,1
2020-10-02 19:19:54 +0100,1
2020-10-03 19:16:41 +0100,1
2020-10-04 19:16:09 +0100,1
2020-10-05 19:13:11 +0100,1
2020-10-06 19:15:51 +0100,1
2020-10-07 19:15:46 +0100,1
2020-10-08 19:17:15 +0100,1
2020-10-09 19:17:00 +0100,1
2020-10-10 19:13:18 +0100,1
2020-10-11 19:10:55 +0100,1
2020-10-12 19:14:45 +0100,1
2020-10-13 19:12:29 +0100,1
2020-10-14 19:41:12 +0100,1
2020-10-15 19:59:18 +0100,1
2020-10-16 20:52:19 +0100,1
2020-10-17 21:15:06 +0100,1
2020-10-18 19:31:14 +0100,1
2020-10-19 19:40:02 +0100,1
2020-10-20 19:43:31 +0100,1
2020-10-21 19:30:51 +0100,1
2020-10-22 19:42:42 +0100,1
2020-10-23 19:51:27 +0100,1
2020-10-24 19:47:15 +0100,1
2020-10-25 19:36:31 +0000,1
2020-10-26 19:23:33 +0000,1
2020-10-27 19:23:15 +0000,1
2020-10-28 19:26:21 +0000,1
2020-10-30 19:21:27 +0000,1
2020-10-31 19:21:39 +0000,1
2020-11-01 19:27:53 +0000,1
2020-11-02 19:25:21 +0000,1
2020-11-03 19:30:23 +0000,1
2020-11-04 19:23:29 +0000,1
2020-11-05 19:13:12 +0000,1
2020-11-06 19:18:18 +0000,1
2020-11-07 19:13:30 +0000,1
2020-11-08 19:19:51 +0000,1
2020-11-09 19:19:16 +0000,1
2020-11-10 19:25:03 +0000,1
2020-11-11 19:22:25 +0000,1
2020-11-12 19:22:38 +0000,1
2020-11-13 19:20:48 +0000,1
2020-11-14 19:22:15 +0000,1
2020-11-15 19:36:38 +0000,1
2020-11-16 19:23:10 +0000,1
2020-11-17 19:26:26 +0000,1
2020-11-18 19:24:58 +0000,1
2020-11-19 19:21:49 +0000,1
2020-11-20 19:23:53 +0000,1
2020-11-21 19:19:15 +0000,1
2020-11-22 19:24:39 +0000,1
2020-11-23 19:25:48 +0000,1
2020-11-24 19:22:52 +0000,1
2020-11-25 19:29:28 +0000,1
2020-11-26 19:30:14 +0000,1
2020-11-27 19:31:35 +0000,1
2020-11-28 19:22:31 +0000,1
2020-11-29 19:29:18 +0000,1
2020-11-30 19:34:10 +0000,1
2020-12-01 19:30:58 +0000,1
2020-12-02 19:43:13 +0000,1
2020-12-03 19:19:36 +0000,1
2020-12-04 19:24:28 +0000,1
2020-12-05 19:23:22 +0000,1
2020-12-06 19:40:29 +0000,1
2020-12-07 19:29:28 +0000,1
2020-12-08 19:40:28 +0000,1
2020-12-09 20:16:58 +0000,1
2020-12-10 19:37:42 +0000,1
2020-12-11 19:37:55 +0000,1
2020-12-12 19:34:08 +0000,1
2020-12-13 19:30:46 +0000,1
2020-12-14 19:41:09 +0000,1
2020-12-17 00:30:55 +0000,1
2020-12-18 19:27:30 +0000,1
2020-12-19 19:30:07 +0000,1
2020-12-20 19:27:34 +0000,1
2020-12-21 19:20:20 +0000,1
2020-12-22 19:19:29 +0000,1
2020-12-23 19:22:49 +0000,1
2020-12-24 19:11:16 +0000,1
2020-12-25 19:25:41 +0000,1
2020-12-26 19:26:42 +0000,1
2020-12-27 19:32:40 +0000,1
2020-12-28 19:28:01 +0000,1
2020-12-29 19:24:18 +0000,1
2020-12-30 19:21:37 +0000,1
2020-12-31 19:19:04 +0000,1
2021-01-01 19:28:15 +0000,1
2021-01-02 19:25:50 +0000,1
2021-01-03 19:20:02 +0000,1
2021-01-04 19:24:50 +0000,1
2021-01-05 19:26:14 +0000,1
2021-01-06 19:33:28 +0000,1
2021-01-07 21:28:13 +0000,1
2021-01-08 19:34:02 +0000,1
2021-01-09 19:27:30 +0000,1
2021-01-10 19:21:43 +0000,1
2021-01-11 19:24:30 +0000,1
2021-01-13 19:21:39 +0000,1
2021-01-14 19:32:13 +0000,1
2021-01-15 19:23:21 +0000,1
2021-01-16 19:21:11 +0000,1
2021-01-17 19:21:55 +0000,1
2021-01-18 19:19:11 +0000,1
2021-01-19 19:18:48 +0000,1
2021-01-20 19:28:28 +0000,1
2021-01-21 19:26:17 +0000,1
2021-01-22 19:23:19 +0000,1
2021-01-23 19:22:16 +0000,1
2021-01-24 19:26:50 +0000,1
2021-01-25 19:31:56 +0000,1
2021-01-26 19:27:31 +0000,1
2021-01-27 19:56:12 +0000,1
2021-01-28 19:16:03 +0000,1
2021-02-03 19:34:59 +0000,1
2021-02-04 19:20:54 +0000,1
2021-02-05 19:27:13 +0000,1
2021-02-06 19:23:10 +0000,1
2021-02-07 19:27:31 +0000,1
2021-02-08 19:22:50 +0000,1
2021-02-09 19:25:28 +0000,1
2021-02-10 19:32:11 +0000,1
2021-02-11 19:20:26 +0000,1
2021-02-12 19:23:23 +0000,1
2021-02-13 19:20:32 +0000,1
2021-02-14 19:25:25 +0000,1
2021-02-15 19:25:23 +0000,1
2021-02-16 19:22:33 +0000,1
2021-02-17 20:11:13 +0000,1
2021-02-18 20:08:32 +0000,1
2021-02-19 20:15:44 +0000,1
2021-02-20 20:16:25 +0000,1
2021-02-21 20:33:04 +0000,1
2021-02-22 20:21:21 +0000,1
2021-02-23 20:24:42 +0000,1
2021-02-24 20:12:00 +0000,1
2021-02-25 19:23:54 +0000,1
2021-02-26 19:22:45 +0000,1
2021-02-27 19:22:04 +0000,1
2021-02-28 19:26:02 +0000,1
2021-03-01 19:21:07 +0000,1
2021-03-02 19:18:40 +0000,1
2021-03-03 19:28:17 +0000,1
2021-03-04 19:14:18 +0000,1
2021-03-05 19:21:02 +0000,1
2021-03-06 19:21:30 +0000,1
2021-03-07 19:17:15 +0000,1
2021-03-08 19:18:50 +0000,1
2021-03-09 19:20:36 +0000,1
2021-03-10 20:23:07 +0000,1
2021-03-11 19:51:51 +0000,1
2021-03-12 19:54:46 +0000,1
2021-03-13 19:49:21 +0000,1
2021-03-14 19:47:44 +0000,1
2021-03-15 19:53:21 +0000,1
2021-03-16 19:45:46 +0000,1
2021-03-17 19:54:10 +0000,1
2021-03-18 19:41:10 +0000,1
2021-03-19 19:42:06 +0000,1
2021-03-20 19:38:39 +0000,1
2021-03-21 19:49:20 +0000,1
2021-03-22 19:45:35 +0000,1
2021-03-23 19:39:22 +0000,1
2021-03-24 19:46:28 +0000,1
2021-03-25 20:02:44 +0000,1
2021-03-26 19:46:27 +0000,1
2021-03-27 19:38:40 +0000,1
2021-03-28 19:43:28 +0100,1
2021-03-29 19:45:40 +0100,1
2021-03-30 19:14:32 +0100,1
2021-03-31 19:14:43 +0100,1
2021-04-01 19:18:43 +0100,1
2021-04-02 19:19:31 +0100,1
2021-04-03 19:16:57 +0100,1
2021-04-04 19:18:56 +0100,1
2021-04-05 19:16:58 +0100,1
2021-04-06 19:19:56 +0100,1
2021-04-07 19:21:11 +0100,1
2021-04-08 19:19:58 +0100,1
2021-04-09 19:22:47 +0100,1
2021-04-10 19:14:28 +0100,1
2021-04-11 19:19:57 +0100,1
2021-04-12 19:19:59 +0100,1
2021-04-13 19:18:25 +0100,1
2021-04-14 19:20:18 +0100,1
2021-04-15 19:20:45 +0100,1
2021-04-16 19:19:28 +0100,1
2021-04-18 19:23:14 +0100,1
2021-04-19 19:17:49 +0100,1
2021-04-20 19:18:55 +0100,1
2021-04-21 14:52:12 +0100,1
2021-04-22 19:18:30 +0100,1
2021-04-23 19:21:13 +0100,1
2021-04-24 19:16:13 +0100,1
2021-04-25 20:10:41 +0100,1
2021-04-26 20:11:24 +0100,1
2021-04-27 19:18:24 +0100,1
2021-04-28 19:20:37 +0100,1
2021-04-29 19:20:06 +0100,1
2021-04-30 19:18:44 +0100,1
2021-05-01 19:16:10 +0100,1
2021-05-02 19:15:26 +0100,1
2021-05-03 19:25:54 +0100,1
2021-05-04 19:16:30 +0100,1
2021-05-05 19:18:06 +0100,1
2021-05-06 19:18:59 +0100,1
2021-05-07 19:17:58 +0100,1
2021-05-08 19:22:12 +0100,1
2021-05-09 19:11:58 +0100,1
2021-05-10 19:17:37 +0100,1
2021-05-12T01:01:55Z,1
2021-05-13T01:09:53Z,1
2021-05-14T01:15:39Z,1
2021-05-15T06:43:28Z,1
2021-05-16T01:18:55Z,1
2021-05-17T01:09:03Z,1
2021-05-18T06:42:26Z,1
2021-05-19T01:13:48Z,1
2021-05-20T01:09:01Z,1
2021-05-21T01:13:57Z,1
2021-05-22T01:12:38Z,1
2021-05-23T01:20:03Z,1
2021-05-24T01:16:54Z,1
2021-05-25T01:14:00Z,1
2021-05-26T01:25:42Z,1
2021-05-27T01:27:43Z,1
2021-05-28T01:34:06Z,1
2021-05-29T01:44:29Z,1
2021-05-30T01:52:07Z,1
2021-05-31T02:08:08Z,1
2021-06-01T02:24:16Z,1
2021-06-02T02:31:00Z,1
2021-06-03T02:11:37Z,1
2021-06-04T01:57:17Z,1
2021-06-04T08:12:16Z,1
2021-06-05T01:33:07Z,1
2021-06-06T01:25:41Z,1
2021-06-07T01:31:36Z,1
2021-06-08T01:27:38Z,1
2021-06-09T01:05:59Z,1
2021-06-10T01:09:25Z,1
2021-06-11T01:06:05Z,1
2021-06-12T00:59:59Z,1
2021-06-13T01:03:12Z,1
2021-06-14T01:03:23Z,1
2021-06-15T01:03:27Z,1
2021-06-16T01:01:53Z,1
2021-06-17T01:06:45Z,1
2021-06-18T01:04:25Z,1
2021-06-19T01:06:44Z,1
2021-06-20T01:05:19Z,1
2021-06-21T01:07:56Z,1
2021-06-22T01:05:32Z,1
2021-06-23T01:00:34Z,1
2021-06-24T00:56:28Z,1
2021-06-25T01:09:19Z,1
2021-06-26T01:04:37Z,1
2021-06-27T01:12:08Z,1
2021-06-28T01:09:29Z,1
2021-06-29T01:06:50Z,1
2021-06-30T01:10:11Z,1
2021-07-01T01:03:52Z,1
2021-07-02T01:00:29Z,1
2021-07-03T01:05:41Z,1
2021-07-04T01:07:46Z,1
2021-07-05T01:02:36Z,1
2021-07-06T01:08:48Z,1
2021-07-07T01:08:02Z,1
2021-07-08T01:01:58Z,1
2021-07-09T01:08:58Z,1
2021-07-10T01:06:29Z,1
2021-07-11T01:12:05Z,1
2021-07-12T01:07:30Z,1
2021-07-13T01:05:46Z,1
2021-07-14T01:00:20Z,1
2021-07-15T01:06:16Z,1
2021-07-16T01:05:14Z,1
2021-07-17T01:02:49Z,1
2021-07-18T01:04:43Z,1
2021-07-19T01:06:29Z,1
2021-07-21T01:09:50Z,1
2021-07-22T01:09:51Z,1
2021-07-23T01:07:00Z,1
2021-07-24T01:03:18Z,1
2021-07-25T01:05:45Z,1
2021-07-26T01:03:40Z,1
2021-07-27T01:04:59Z,1
2021-07-28T01:06:07Z,1
2021-07-29T01:06:49Z,1
2021-07-30T01:07:49Z,1
2021-07-31T01:04:06Z,1
2021-08-01T01:14:35Z,1
2021-08-02T01:03:31Z,1
2021-08-03T01:13:07Z,1
2021-08-04T01:06:23Z,1
2021-08-05T01:07:34Z,1
2021-08-06T01:07:27Z,1
2021-08-07T01:04:47Z,1
2021-08-08T01:10:32Z,1
2021-08-10T01:10:31Z,1
2021-08-11T01:06:52Z,1
2021-08-12T01:09:12Z,1
2021-08-13T01:08:45Z,1
2021-08-14T01:02:53Z,1
2021-08-15T01:05:11Z,1
2021-08-16T01:03:33Z,1
2021-08-17T01:01:21Z,1
2021-08-18T01:00:58Z,1
2021-08-19T01:00:23Z,1
2021-08-20T01:04:01Z,1
2021-08-21T00:50:00Z,1
2021-08-22T00:50:57Z,1
2021-08-23T00:51:15Z,1
2021-08-24T00:52:02Z,1
2021-08-25T00:50:18Z,1
2021-08-26T00:49:11Z,1
2021-08-27T00:54:25Z,1
2021-08-28T00:50:05Z,1
2021-08-30T00:51:49Z,1
2021-08-31T00:54:26Z,1
2021-09-01T00:55:37Z,1
2021-09-02T00:55:27Z,1
2021-09-03T00:52:35Z,1
2021-09-04T00:53:50Z,1
2021-09-05T00:55:57Z,1
2021-09-06T00:58:21Z,1
2021-09-07T00:51:37Z,1
2021-09-08T00:50:51Z,1
2021-09-09T00:55:45Z,1
2021-09-10T00:58:39Z,1
2021-09-11T00:51:41Z,1
2021-09-12T00:54:31Z,1
2021-09-14T00:56:15Z,1
2021-09-15T00:53:22Z,1
2021-09-16T00:55:37Z,1
2021-09-17T00:57:21Z,1
2021-09-18T00:51:59Z,1
2021-09-19T01:17:00Z,1
2021-09-28T01:31:59Z,1
2021-09-29T00:55:02Z,1
2021-09-30T00:59:21Z,1
2021-10-01T00:58:36Z,1
2021-10-02T00:55:21Z,1
2021-10-03T00:57:37Z,1
2021-10-04T00:59:41Z,1
2021-10-04T21:23:42Z,1
2021-10-06T12:33:03Z,1
2021-10-07T00:55:57Z,1
2021-10-08T00:58:41Z,1
2021-10-09T00:53:28Z,1
2021-10-10T01:15:18Z,1
2021-10-11T01:04:20Z,1
2021-10-12T00:59:31Z,1
2021-10-13T00:54:23Z,1
2021-10-14T00:52:11Z,1
2021-10-15T00:59:05Z,1
2021-10-16T01:00:42Z,1
2021-10-17T00:54:42Z,1
2021-10-18T00:55:47Z,1
2021-10-19T00:57:10Z,1
2021-10-20T00:56:38Z,1
2021-10-21T01:02:44Z,1
2021-10-22T00:59:39Z,1
2021-10-23T00:58:18Z,1
2021-10-24T00:55:42Z,1
2021-10-25T00:56:51Z,1
2021-10-25T21:24:50Z,1
2021-10-27T00:54:02Z,1
2021-10-28T00:55:42Z,1
2021-10-29T00:52:26Z,1
2021-10-30T00:54:59Z,1
2021-10-31T00:57:30Z,1
2021-11-01T00:56:04Z,1
2021-11-02T00:57:35Z,1
2021-11-03T00:55:40Z,1
2021-11-04T00:52:59Z,1
2021-11-05T01:05:45Z,1
2021-11-06T00:55:42Z,1
2021-11-07T00:58:13Z,1
2021-11-08T00:54:13Z,1
2021-11-09T00:55:39Z,1
2021-11-10T00:54:26Z,1
2021-11-11T00:54:30Z,1
2021-11-12T00:56:13Z,1
2021-11-13T00:53:18Z,1
2021-11-14T00:57:36Z,1
2021-11-15T00:55:46Z,1
2021-11-16T00:55:46Z,1
2021-11-17T06:43:08Z,1
2021-11-18T01:24:32Z,1
2021-11-19T01:21:50Z,1
2021-11-20T01:21:32Z,1
2021-11-21T01:26:34Z,1
2021-11-22T01:24:04Z,1
2021-11-23T01:22:50Z,1
2021-11-24T01:23:16Z,1
2021-11-25T01:26:54Z,1
2021-11-26T01:21:39Z,1
2021-11-27T01:25:57Z,1
2021-11-28T01:25:46Z,1
2021-11-29T01:24:05Z,1
2021-11-30T01:24:27Z,1
2021-12-01T01:31:23Z,1
2021-12-02T01:29:21Z,1
2021-12-03T01:28:15Z,1
2021-12-04T01:29:25Z,1
2021-12-05T01:34:54Z,1
2021-12-06T01:27:20Z,1
2021-12-07T01:31:28Z,1
2021-12-08T01:31:38Z,1
2021-12-09T01:29:38Z,1
2021-12-10T01:29:50Z,1
2021-12-11T01:25:47Z,1
2021-12-12T01:30:13Z,1
2021-12-13T01:29:48Z,1
2021-12-14T01:30:31Z,1
2021-12-15T01:29:32Z,1
2021-12-16T01:30:40Z,1
2021-12-17T01:30:49Z,1
2021-12-18T01:36:17Z,1
2021-12-19T01:33:56Z,1
2021-12-20T01:32:41Z,1
2021-12-21T01:35:05Z,1
2021-12-22T01:33:44Z,1
2021-12-23T01:34:01Z,1
2021-12-24T01:34:32Z,1
2021-12-25T01:34:03Z,1
2021-12-26T01:36:12Z,1
2021-12-27T01:33:49Z,1
2021-12-28T01:35:07Z,1
2021-12-29T01:33:58Z,1
2021-12-30T01:34:45Z,1
2021-12-31T01:36:25Z,1
2022-01-01T01:35:37Z,1
2022-01-02T01:37:13Z,1
2022-01-03T01:33:43Z,1
2022-01-04T01:36:12Z,1
2022-01-05T01:38:07Z,1
2022-01-06T01:41:52Z,1
2022-01-07T01:39:58Z,1
2022-01-08T01:35:10Z,1
2022-01-09T01:38:32Z,1
2022-01-10T01:34:18Z,1
2022-01-11T01:37:25Z,1
2022-01-13T01:39:23Z,1
2022-01-14T01:37:44Z,1
2022-01-15T01:34:42Z,1
2022-01-16T01:41:01Z,1
2022-01-17T01:01:08Z,1
2022-01-18T01:02:26Z,1
2022-01-19T00:59:13Z,1
2022-01-20T01:03:54Z,1
2022-01-21T00:56:46Z,1
2022-01-22T01:00:46Z,1
2022-01-23T01:00:14Z,1
2022-01-24T01:01:17Z,1
2022-01-25T01:05:12Z,1
2022-01-26T01:08:18Z,1
2022-01-27T00:57:18Z,1
2022-01-28T00:58:34Z,1
2022-01-29T00:59:04Z,1
2022-01-30T01:00:05Z,1
2022-01-31T01:00:23Z,1
2022-02-01T01:01:59Z,1
2022-02-02T01:04:27Z,1
2022-02-03T01:00:37Z,1
2022-02-04T01:04:02Z,1
2022-02-04T22:10:56Z,1
2022-02-05T22:10:41Z,1
2022-02-07T01:37:54Z,1
2022-02-08T01:42:38Z,1
2022-02-09T01:40:22Z,1
2022-02-10T01:39:39Z,1
2022-02-11T01:42:16Z,1
2022-02-12T01:43:25Z,1
2022-02-13T01:44:03Z,1
2022-02-14T01:40:21Z,1
2022-02-15T01:43:21Z,1
2022-02-16T01:38:32Z,1
2022-02-17T01:35:17Z,1
2022-02-17T22:14:11Z,1
2022-02-19T01:49:11Z,1
2022-02-20T01:50:37Z,1
2022-02-21T01:47:03Z,1
2022-02-22T01:48:23Z,1
2022-02-23T01:46:14Z,1
2022-02-24T01:44:19Z,1
2022-02-25T01:48:21Z,1
2022-02-26T01:47:30Z,1
2022-02-27T01:55:50Z,1
2022-02-27T22:20:36Z,1
2022-03-01T01:49:38Z,1
2022-03-02T01:51:49Z,1
2022-03-03T01:52:16Z,1
2022-03-04T01:19:05Z,1
2022-03-05T01:16:02Z,1
2022-03-06T01:13:37Z,1
2022-03-07T01:13:59Z,1
2022-03-08T01:08:00Z,1
2022-03-09T01:10:01Z,1
2022-03-10T01:16:23Z,1
2022-03-11T01:16:55Z,1
2022-03-12T01:10:08Z,1
2022-03-13T01:12:34Z,1
2022-03-14T01:13:04Z,1
2022-03-15T01:16:19Z,1
2022-03-16T01:15:40Z,1
2022-03-17T01:16:12Z,1
2022-03-17T21:34:43Z,1
2022-03-19T01:00:40Z,1
2022-03-20T01:04:54Z,1
2022-03-21T01:00:13Z,1
2022-03-23T01:05:31Z,1
2022-03-24T01:04:29Z,1
2022-03-25T01:05:05Z,1
2022-03-26T01:08:33Z,1
2022-03-27T01:05:42Z,1
2022-03-28T01:01:52Z,1
2022-03-29T01:07:32Z,1
2022-03-30T01:12:24Z,1
2022-03-31T01:09:57Z,1
2022-04-01T01:16:48Z,1
2022-04-02T01:06:28Z,1
2022-04-03T01:12:22Z,1
2022-04-04T01:07:37Z,1
2022-04-05T01:07:20Z,1
2022-04-06T01:08:47Z,1
2022-04-07T01:13:52Z,1
2022-04-08T01:08:41Z,1
2022-04-09T01:07:29Z,1
2022-04-10T01:08:38Z,1
2022-04-11T01:09:54Z,1
2022-04-12T01:07:53Z,1
2022-04-13T01:09:15Z,1
2022-04-14T01:16:07Z,1
2022-04-15T01:07:15Z,1
2022-04-16T01:10:14Z,1
2022-04-17T01:17:25Z,1
2022-04-18T01:15:12Z,1
2022-04-19T01:09:54Z,1
2022-04-20T01:11:39Z,1
2022-04-21T01:12:54Z,1
2022-04-22T01:13:34Z,1
2022-04-23T01:06:18Z,1
2022-04-23T06:44:07Z,1
2022-04-28T01:25:19Z,1
2022-04-29T01:11:13Z,1
2022-04-30T01:17:51Z,1
2022-05-01T01:23:37Z,1
2022-05-02T01:13:42Z,1
2022-05-03T01:13:25Z,1
2022-05-04T01:13:31Z,1
2022-05-05T01:15:12Z,1
2022-05-07T01:14:29Z,1
2022-05-08T01:11:40Z,1
2022-05-09T01:20:18Z,1
2022-05-10T01:15:55Z,1
2022-05-12T01:15:04Z,1
2022-05-13T01:31:17Z,1
2022-05-14T01:25:31Z,1
2022-05-15T01:26:41Z,1
2022-05-16T01:14:07Z,1
2022-05-17T02:12:27Z,1
2022-05-18T02:02:32Z,1
2022-05-19T02:23:53Z,1
2022-05-19T19:05:28Z,1
2022-05-21T01:52:04Z,1
2022-05-22T02:12:58Z,1
2022-05-23T02:12:28Z,1
2022-05-23T21:53:22Z,1
2022-05-25T02:21:44Z,1
2022-05-26T02:26:34Z,1
2022-05-27T02:18:27Z,1
2022-05-28T02:16:11Z,1
2022-05-29T02:27:35Z,1
2022-05-30T02:22:36Z,1
2022-06-01T02:34:50Z,1
2022-06-02T02:26:23Z,1
2022-06-03T02:02:53Z,1
2022-06-04T02:04:11Z,1
2022-06-05T02:25:00Z,1
2022-06-06T02:22:39Z,1
2022-06-07T02:15:43Z,1
2022-06-08T02:18:33Z,1
2022-06-09T02:13:24Z,1
2022-06-10T02:26:35Z,1
2022-06-11T02:17:55Z,1
2022-06-12T02:32:27Z,1
2022-06-13T02:31:48Z,1
2022-06-14T02:31:05Z,1
2022-06-14T21:58:40Z,1
2022-06-16T02:18:43Z,1
2022-06-17T02:20:44Z,1
2022-06-18T02:19:42Z,1
2022-06-19T02:25:46Z,1
2022-06-20T02:21:21Z,1
2022-06-21T02:25:52Z,1
2022-06-22T02:33:09Z,1
2022-06-22T21:58:08Z,1
2022-06-24T02:27:16Z,1
2022-06-25T02:33:54Z,1
2022-06-27T02:32:05Z,1
2022-06-28T02:31:54Z,1
2022-06-29T02:33:26Z,1
2022-06-30T02:30:40Z,1
2022-07-01T02:44:08Z,1
2022-07-02T02:29:21Z,1
2022-07-03T02:38:34Z,1
2022-07-04T02:37:53Z,1
2022-07-05T02:31:37Z,1
2022-07-06T02:44:29Z,1
2022-07-07T02:35:12Z,1
2022-07-08T02:34:55Z,1
2022-07-09T02:23:57Z,1
2022-07-10T02:39:57Z,1
2022-07-11T02:39:38Z,1
2022-07-12T02:44:07Z,1
2022-07-13T02:30:35Z,1
2022-07-14T02:41:45Z,1
2022-07-15T02:46:34Z,1
2022-07-15T21:57:44Z,1
2022-07-17T02:47:26Z,1
2022-07-18T02:50:32Z,1
2022-07-19T02:58:34Z,1
2022-07-21T02:48:24Z,1
2022-07-21T22:03:06Z,1
2022-07-22T21:59:53Z,1
2022-07-24T02:55:32Z,1
2022-07-25T02:44:15Z,1
2022-07-26T03:00:57Z,1
2022-07-26T16:09:19Z,1
2022-07-27T02:53:06Z,1
2022-07-28T02:41:21Z,1
2022-07-29T03:00:18Z,1
2022-07-30T02:45:20Z,1
2022-07-31T02:59:16Z,1
2022-08-01T02:54:26Z,1
2022-08-02T03:06:53Z,1
2022-08-03T02:45:05Z,1
2022-08-04T02:40:42Z,1
2022-08-05T02:42:14Z,1
2022-08-06T02:40:54Z,1
2022-08-07T02:51:00Z,1
2022-08-08T02:40:04Z,1
2022-08-09T02:50:46Z,1
2022-08-09T22:01:56Z,1
2022-08-11T02:36:58Z,1
2022-08-12T02:39:17Z,1
2022-08-13T02:34:30Z,1
2022-08-14T02:58:21Z,1
2022-08-15T02:58:48Z,1
2022-08-16T02:50:57Z,1
2022-08-17T03:11:19Z,1
2022-08-18T03:03:11Z,1
2022-08-19T03:02:41Z,1
2022-08-20T02:53:09Z,1
2022-08-23T19:17:15Z,1
2022-08-30T13:32:59Z,1
2022-09-01T02:55:44Z,1
2022-09-02T03:07:19Z,2
2022-09-02T22:03:45Z,2
2022-09-04T03:10:26Z,2
2022-09-05T03:07:10Z,2
2022-09-06T03:22:05Z,2
2022-09-07T03:19:11Z,2
2022-09-10T03:12:40Z,2
2022-09-11T03:12:18Z,2
2022-09-12T03:23:31Z,2
2022-09-13T03:17:06Z,2
2022-09-14T03:15:38Z,2
2022-09-15T03:24:33Z,2
2022-09-16T03:18:32Z,2
2022-09-16T19:13:22Z,2
2022-09-18T03:28:21Z,2
2022-09-20T03:10:32Z,2
2022-09-21T03:25:20Z,2
2022-09-22T03:16:05Z,2
2022-09-24T03:14:50Z,2
2022-09-25T03:13:30Z,2
2022-09-26T03:21:18Z,2
2022-09-26T16:20:55Z,2
2022-09-29T02:48:12Z,2
2022-09-30T03:04:24Z,2
2022-10-01T03:01:31Z,2
2022-10-02T02:52:50Z,2
2022-10-03T02:20:42Z,2
2022-10-04T02:30:08Z,2
2022-10-05T02:29:01Z,2
2022-10-06T06:53:13Z,2
2022-10-07T02:40:31Z,2
2022-10-08T02:18:23Z,2
2022-10-09T02:41:16Z,2
2022-10-10T02:43:13Z,2
2022-10-11T02:38:14Z,2
2022-10-12T02:50:41Z,2
2022-10-13T02:43:09Z,2
2022-10-14T02:54:18Z,2
2022-10-15T02:49:55Z,2
2022-10-16T02:54:49Z,2
2022-10-17T02:56:48Z,2
2022-10-18T02:48:17Z,2
2022-10-19T02:45:16Z,2
2022-10-20T02:46:20Z,2
2022-10-20T21:43:10Z,2
2022-10-22T02:31:17Z,2
2022-10-23T02:45:04Z,2
2022-10-24T02:57:24Z,2
2022-10-25T02:50:40Z,2
2022-10-26T02:26:15Z,2
2022-10-27T02:22:43Z,2
2022-10-28T02:35:50Z,2
2022-10-29T02:16:14Z,2
2022-10-30T02:39:15Z,2
2022-10-31T02:40:00Z,2
2022-11-01T02:45:25Z,2
2022-11-02T02:38:05Z,2
2022-11-03T02:19:16Z,2
2022-11-04T13:04:19Z,2
2022-11-05T02:16:32Z,2
2022-11-06T02:18:18Z,2
2022-11-07T02:14:37Z,2
2022-11-08T02:13:30Z,2
2022-11-09T02:25:05Z,2
2022-11-10T02:16:39Z,2
2022-11-11T02:17:03Z,2
2022-11-12T02:12:30Z,2
2022-11-13T02:11:39Z,2
2022-11-14T02:12:27Z,2
2022-11-14T18:46:41Z,2
2022-11-16T02:11:05Z,2
2022-11-17T02:09:53Z,2
2022-11-18T02:14:51Z,2
2022-11-19T02:09:17Z,2
2022-11-20T02:14:40Z,2
2022-11-21T02:11:03Z,2
2022-11-22T02:13:26Z,2
2022-11-23T02:00:35Z,3
2022-11-24T02:03:43Z,3
2022-11-25T02:00:50Z,3
2022-11-26T01:55:31Z,3
2022-11-27T02:06:18Z,3
2022-11-28T02:00:06Z,3
2022-11-29T01:59:07Z,3
2022-11-30T02:00:46Z,3
2022-12-01T02:11:22Z,3
2022-12-02T01:46:25Z,3
2022-12-03T01:42:36Z,3
2022-12-04T01:54:38Z,3
2022-12-05T01:46:52Z,3
2022-12-06T01:45:11Z,3
2022-12-07T01:55:04Z,3
2022-12-08T01:45:41Z,3
